1,Ювеналий,1989-09-12,Иное,14595,596
2,Аполлинарий,1966-07-08,Иное,15007,183
3,Самуил,2003-09-17,М,3725,635
4,Виктор,1975-12-13,М,3940,275
5,Октябрина,1961-08-31,Ж,9970,634
6,Акулина,1980-11-07,М,348,679
7,Ермолай,1993-12-24,Ж,17573,509
8,Василиса,1979-04-14,М,13650,863
9,Зосима,1963-10-12,Ж,16757,162
10,Людмила,1983-07-07,Ж,2169,774
11,Прасковья,1964-02-07,Ж,1944,220
12,Савватий,1960-10-27,Иное,16590,195
13,Зинаида,1979-10-30,М,9962,171
14,Ольга,1974-11-21,Иное,6911,317
15,Карл,1998-09-08,Иное,18016,925
16,Онуфрий,1974-06-19,Ж,18276,91
17,Ким,1990-02-18,Ж,1443,392
18,Лариса,1989-08-26,М,9340,32
19,Анжела,1975-01-04,Иное,5290,983
20,Фрол,1975-07-16,М,8513,416
21,Лев,1961-03-09,Иное,13938,275
22,Михей,1995-05-27,Иное,5640,206
23,Татьяна,1967-06-22,Ж,7838,945
24,Вероника,2000-07-11,Ж,11051,854
25,Ратибор,1999-07-08,Иное,15714,262
26,Агафья,1972-07-24,Ж,19468,717
27,Моисей,1970-06-11,Иное,18856,186
28,Елисей,2002-08-04,М,5873,388
29,Емельян,1974-12-25,Ж,18983,274
30,Марина,1994-08-05,Иное,50,213
31,Мина,1990-06-12,М,5148,762
32,Светозар,1961-05-13,Иное,13062,629
33,Борислав,1986-10-27,М,10672,987
34,Корнил,1970-08-10,Ж,13105,970
35,Устин,1988-02-16,М,728,217
36,Зоя,1985-05-23,Ж,5255,358
37,Максим,2002-05-25,Иное,16762,953
38,Аполлон,2000-07-09,Ж,5596,176
39,Евдоким,1981-01-05,М,7846,504
40,Спиридон,1995-07-28,М,18216,739
41,Роман,1975-05-18,Иное,10330,329
42,Платон,1978-11-01,Ж,12667,988
43,Самуил,2002-06-06,Иное,18429,223
44,Доброслав,1993-02-08,Ж,8828,317
45,Елизар,1995-08-16,Ж,1737,428
46,Филимон,2003-05-11,Ж,15435,337
47,Георгий,1983-01-05,Иное,61,443
48,Елизар,1979-04-11,Ж,14511,324
49,Ефим,1967-09-30,Иное,3308,228
50,Павел,1974-06-11,Ж,7878,675
51,Владлен,2002-07-28,Ж,17336,911
52,Куприян,1970-07-06,Ж,7960,489
53,Вадим,1987-09-23,Иное,15147,60
54,Марина,1978-04-02,Ж,1465,600
55,Вацлав,1988-07-07,Иное,103,435
56,Мартьян,1995-03-02,М,17881,52
57,Пимен,1982-04-30,М,5642,745
58,Фока,1981-08-17,М,799,150
59,Виталий,1968-02-24,Иное,2732,503
60,Антонина,1966-12-11,Ж,7364,510
61,Дорофей,1983-01-29,М,3159,72
62,Климент,1973-02-03,М,230,133
63,Ольга,1968-07-01,Ж,15128,323
64,Ираклий,2001-10-27,Иное,11866,157
65,Иванна,1964-05-23,М,1274,666
66,Викторин,1974-10-20,Иное,19520,862
67,Софон,1961-04-16,М,16684,685
68,Галактион,1988-09-01,М,1382,989
69,Аггей,1981-06-27,М,4592,563
70,Авксентий,2003-11-22,М,14233,905
71,Афиноген,1970-01-13,Ж,7093,55
72,Майя,1990-04-08,Иное,5320,461
73,Феоктист,1962-09-10,Иное,17649,773
74,Раиса,1983-08-23,Иное,12243,326
75,Акулина,1980-04-06,Иное,4991,743
76,Осип,1992-06-18,Ж,10524,814
77,Татьяна,1963-09-26,М,14030,545
78,Владлен,1972-06-15,М,14308,671
79,Эраст,1987-01-13,Ж,18185,278
80,Куприян,1968-10-22,М,5177,454
81,Никита,1969-09-12,Иное,13361,817
82,Силантий,2004-09-28,Ж,5515,890
83,Всемил,1998-02-13,Иное,8871,918
84,Егор,1990-02-19,Иное,15506,511
85,Наум,1996-12-30,Ж,10700,406
86,Мирослав,1970-07-17,Ж,8800,302
87,Игорь,2002-09-28,Ж,1177,528
88,Рюрик,1993-04-24,Ж,4727,964
89,Харитон,1984-11-11,М,17936,245
90,Пахом,1969-01-08,Иное,8661,492
91,Фотий,1993-04-13,Ж,1904,884
92,Антонин,1962-10-31,Ж,9953,25
93,Сидор,1982-05-14,Иное,216,696
94,Август,1970-10-24,Иное,6730,738
95,Герасим,1973-05-06,Ж,12540,321
96,Чеслав,1997-12-25,М,480,509
97,Валерьян,1976-02-05,Иное,9591,77
98,Лаврентий,1997-05-22,Ж,7343,143
99,Дорофей,1999-08-30,Иное,3209,223
100,Галина,1977-10-01,М,14017,790
101,Фортунат,1971-03-26,Ж,11340,908
102,Добромысл,1982-07-24,М,11193,743
103,Аристарх,1970-12-18,М,3290,572
104,Нина,1988-11-16,М,11572,324
105,Фёкла,1996-05-27,Ж,2748,944
106,Автоном,2000-04-30,Иное,6484,344
107,Галина,1965-08-03,Ж,16965,662
108,Мокей,1984-08-25,Ж,18856,119
109,Емельян,1974-02-25,Ж,2858,397
110,Артем,2000-02-05,Ж,3644,910
111,Феликс,1996-02-18,Ж,6199,598
112,Лавр,1976-02-10,М,6292,213
113,Лора,1963-09-10,М,12681,579
114,Александра,1970-09-04,Ж,15518,212
115,Куприян,1969-05-05,Иное,9567,524
116,Мартьян,1980-07-20,М,19494,913
117,Куприян,1968-12-07,М,9474,459
118,Ирина,1964-09-27,М,3475,582
119,Любовь,1978-08-08,М,11365,51
120,Назар,1979-06-24,Иное,7287,913
121,Жанна,1976-05-31,Ж,4307,836
122,Осип,1961-12-13,М,5247,124
123,Илья,2002-11-27,М,2045,431
124,Светозар,1981-05-12,Иное,19199,836
125,Юлиан,1966-03-03,Ж,5084,586
126,Элеонора,1964-10-23,М,9755,250
127,Иннокентий,1997-11-18,Иное,14597,139
128,Анисим,1960-11-13,Ж,19228,561
129,Кондратий,1972-07-29,М,14697,905
130,Егор,1998-05-26,Ж,17792,667
131,Геннадий,1981-07-15,Иное,3574,136
132,Селиван,1986-03-13,М,12339,440
133,Исай,1986-01-14,М,3457,306
134,Авксентий,1983-10-07,Иное,4413,977
135,Варвара,1995-07-10,Иное,7623,579
136,Евпраксия,1984-06-06,Ж,4654,800
137,Агата,1969-06-02,Ж,8739,21
138,Любомир,1996-06-30,М,9950,703
139,Мефодий,2000-02-09,М,13486,40
140,Алина,1963-10-07,Ж,14812,97
141,Модест,1985-05-07,М,19936,124
142,Корнил,1982-07-12,Иное,15925,720
143,Любовь,1991-12-17,Иное,12374,995
144,Митофан,1984-01-26,Ж,18461,325
145,Пелагея,1994-08-01,Ж,675,497
146,Аркадий,1993-09-15,Ж,17747,439
147,Вера,1968-04-02,М,11096,967
148,Аникей,1961-08-14,Иное,6471,606
149,Онуфрий,1997-11-19,Ж,19017,620
150,Капитон,1962-11-18,Иное,3895,742
151,Степан,1984-06-07,Иное,10582,957
152,Валентина,1998-02-19,М,1302,480
153,Адам,1989-02-13,Иное,6850,438
154,Рюрик,1983-09-12,Иное,18581,932
155,Венедикт,1993-12-17,М,15440,843
156,Савватий,1977-11-07,Иное,19392,604
157,Анисим,1999-12-04,М,5014,321
158,Валерия,1996-01-04,М,14750,907
159,Милан,1985-08-07,Ж,12963,617
160,Полина,1966-01-25,Ж,16192,747
161,Прокл,1975-02-16,Ж,16770,233
162,Фотий,1992-11-29,Иное,18869,213
163,Нестор,1962-04-19,Иное,19912,529
164,Лаврентий,1995-01-09,Ж,19000,103
165,Оксана,1986-09-15,Ж,7928,47
166,Сидор,2004-04-02,Иное,7260,156
167,Гордей,1961-06-13,М,14691,317
168,Ефим,1971-09-14,Иное,1059,71
169,Октябрина,1981-11-12,М,11127,955
170,Прокл,1980-05-19,Ж,16198,37
171,Степан,1963-02-04,Иное,8498,243
172,Пимен,1984-04-07,Иное,9510,971
173,Ярослав,1999-07-05,Иное,828,323
174,Аникей,1966-06-23,Ж,18020,593
175,Селиверст,1989-10-20,Ж,15091,635
176,Ульян,1994-11-11,Иное,908,577
177,Арефий,1963-10-14,Иное,7021,893
178,Авксентий,2002-09-25,М,14580,998
179,Мина,1966-05-24,Ж,7481,930
180,Потап,1994-10-02,Ж,7856,625
181,Светозар,1972-09-11,Ж,8232,534
182,Всеволод,1990-04-07,Иное,8825,604
183,Гурий,1983-12-03,Иное,4955,835
184,Марфа,1984-06-25,М,12199,756
185,Ермил,1975-10-03,Иное,4438,743
186,Стоян,1969-09-09,Ж,14732,32
187,Борис,1988-04-19,Иное,17113,996
188,Самсон,2001-07-13,Иное,15007,771
189,Аполлон,1987-10-05,Ж,1016,311
190,Панкратий,1977-10-29,Ж,19584,175
191,Фома,1963-01-15,Иное,7769,984
192,Азарий,1973-01-23,М,1322,942
193,Куприян,1972-10-09,Ж,6930,731
194,Раиса,1990-02-03,М,19130,379
195,Максим,1997-03-02,Ж,10639,977
196,Пимен,1987-07-16,Ж,18911,624
197,Пров,1970-12-17,М,2892,930
198,Анастасия,1976-07-30,М,6179,984
199,Евпраксия,1998-04-21,М,3612,626
200,Василий,1994-02-12,Ж,7931,670
201,Алла,1987-05-08,Ж,19489,40
202,Мирон,1975-07-03,Иное,8390,370
203,Конон,1981-05-07,Иное,11438,701
204,Светлана,2001-03-17,М,9121,260
205,Антонина,1978-01-15,М,17500,981
206,Самуил,2003-09-07,Иное,4765,648
207,Ксения,1962-02-03,М,10892,474
208,Элеонора,1962-08-26,М,13473,693
209,Мартын,1988-08-05,Ж,15403,733
210,Филимон,1963-03-04,Ж,15638,535
211,Илья,1975-02-17,М,4037,880
212,Зоя,2003-03-31,Ж,12004,308
213,Эраст,2000-08-05,М,16527,841
214,Юлия,2003-10-17,Иное,1498,131
215,Герман,1965-05-04,Ж,13360,457
216,Леон,1967-01-03,М,12928,718
217,Ипат,1965-10-12,М,4139,684
218,Вера,1993-05-27,Ж,4716,860
219,Елисей,1975-03-21,М,7258,42
220,Светозар,1986-07-09,М,9462,177
221,Радим,1992-10-08,М,2876,324
222,Валерьян,1978-12-13,Ж,2020,816
223,Сигизмунд,2002-11-19,М,2138,801
224,Климент,1978-05-06,Иное,1153,317
225,Иосиф,1991-03-20,М,7856,987
226,Михей,1961-06-16,Иное,10096,851
227,Фирс,1990-05-05,Иное,1949,157
228,Тихон,1963-01-21,Ж,4626,815
229,Трифон,1975-05-16,М,2094,515
230,Мария,2001-11-28,Иное,3292,962
231,Моисей,2001-05-09,М,8947,700
232,Антонина,1998-06-14,Иное,10960,666
233,Лазарь,1975-11-15,Иное,896,603
234,Борислав,1969-11-10,М,12381,675
235,Варвара,1972-04-08,Иное,3658,451
236,Ксения,1973-01-02,Ж,2582,385
237,Евстигней,1979-05-04,Ж,7256,35
238,Аверкий,1994-11-22,Ж,15678,284
239,Данила,1974-10-27,М,17349,897
240,Феоктист,1973-05-31,Ж,5847,949
241,Виталий,1980-08-12,Иное,105,717
242,Макар,1989-06-20,М,19838,350
243,Евгения,2004-09-22,Ж,515,102
244,Софрон,2004-02-04,Ж,5187,484
245,Потап,1991-07-21,Ж,12533,435
246,Ян,1981-04-08,М,16516,411
247,Изяслав,1980-06-03,М,13342,341
248,Лаврентий,1980-09-12,М,19396,459
249,Светозар,2002-03-03,М,16352,449
250,Лазарь,1990-04-06,Иное,10763,70
251,Андроник,1979-06-12,М,6841,699
252,Михей,2002-05-23,Иное,19314,952
253,Ювеналий,1967-07-01,Ж,11904,704
254,Вера,1961-03-31,Иное,10451,875
255,Лаврентий,1977-07-08,Иное,11653,279
256,Викторин,1987-08-29,Ж,12411,186
257,Чеслав,1965-06-18,Ж,14161,535
258,Ананий,1968-11-12,Иное,4026,776
259,Святополк,1971-07-09,Ж,13870,737
260,Виссарион,1986-06-22,М,13176,137
261,Нифонт,1961-06-06,Ж,6652,429
262,Тит,1972-07-22,М,2530,938
263,Леонид,1981-04-05,Ж,18374,903
264,Боян,1977-07-17,М,10983,225
265,Милий,1963-08-24,М,778,291
266,Максимильян,2000-04-14,М,9513,532
267,Конон,1980-09-08,Иное,11530,755
268,Лев,2002-11-23,Ж,4297,385
269,Евгения,1972-09-01,Иное,18901,546
270,Ираклий,1991-11-11,М,2385,3
271,Никита,1964-10-25,Ж,14084,205
272,Юрий,1980-10-13,М,3458,514
273,Феврония,2003-11-16,Ж,3856,613
274,Оксана,1989-12-27,Иное,8687,681
275,Фирс,1985-12-14,М,8403,144
276,Ростислав,1979-01-14,М,1872,548
277,Феоктист,1975-10-15,М,11505,726
278,Вероника,2004-01-30,Иное,4097,522
279,Варфоломей,1997-01-27,Иное,16360,939
280,Федот,1997-08-23,Ж,18490,928
281,Вацлав,1971-08-15,М,17627,997
282,Лора,1985-05-13,М,19536,184
283,Тимофей,1967-03-31,Иное,12991,156
284,Гремислав,1971-04-15,Ж,12694,758
285,Людмила,1974-05-07,Ж,18512,516
286,Святослав,1981-04-27,Иное,11004,896
287,Анатолий,1978-02-19,М,4514,651
288,Елизавета,1977-02-21,Иное,5183,657
289,Татьяна,1988-09-21,М,11423,309
290,Сидор,1998-04-24,Ж,15280,826
291,Милован,1995-10-01,Ж,1396,633
292,Мирон,1977-02-18,М,19230,968
293,Мина,1965-03-23,Ж,13282,537
294,Данила,1983-08-19,Ж,19295,724
295,Климент,1969-04-04,М,5734,309
296,Захар,1971-05-01,Ж,2528,7
297,Герасим,1974-09-17,М,12238,908
298,Аполлинарий,1979-07-18,М,14001,57
299,Бажен,1994-10-19,Иное,19654,958
300,Леон,1963-06-26,Ж,11909,932
301,Семен,1986-06-30,Ж,7133,568
302,Александра,1972-03-18,М,2522,902
303,Ефим,1965-02-19,Ж,14983,63
304,Евлампий,1977-12-01,Иное,16724,362
305,Наум,1986-12-25,М,5888,141
306,Евфросиния,1970-01-01,Иное,12095,580
307,Пимен,1975-07-14,М,8688,298
308,Святополк,1985-02-01,Иное,9456,125
309,Селиван,1962-03-15,Ж,7471,175
310,Савва,1993-05-21,Ж,8098,269
311,Рюрик,2000-05-16,Ж,8061,979
312,Лавр,1966-01-29,Иное,7206,715
313,Анисим,1984-10-31,Иное,2183,995
314,Алексей,1992-10-19,Иное,5223,266
315,Ипполит,1991-07-15,Ж,19893,880
316,Симон,1967-05-29,М,7774,42
317,Амос,1968-05-04,Ж,14356,472
318,Милий,1967-12-13,Иное,11935,168
319,Митофан,1995-11-24,Иное,2905,896
320,Тарас,1974-05-16,Иное,1693,418
321,Адриан,1963-06-12,Ж,19812,329
322,Гурий,1968-09-13,Иное,19823,224
323,Ким,1966-10-27,Ж,8870,905
324,Евлампий,1991-05-21,Иное,210,738
325,Гедеон,1965-10-29,Иное,11940,675
326,Георгий,1969-08-26,Ж,5216,664
327,Нина,1996-02-01,Иное,9702,957
328,Агафья,1982-09-13,Ж,6030,358
329,Севастьян,1994-11-09,Ж,3806,842
330,Дмитрий,1962-08-26,М,3359,246
331,Азарий,1978-10-20,Иное,12789,282
332,Любосмысл,1987-04-24,Ж,13671,706
333,Мария,2004-02-02,Ж,15338,618
334,Зиновий,1963-12-24,Ж,8457,168
335,Зоя,1982-08-07,Иное,9129,305
336,Епифан,1976-08-22,М,10448,257
337,Клавдий,1990-09-04,Ж,9912,983
338,Карп,1982-06-26,М,11311,35
339,Филипп,1968-01-12,Ж,16199,241
340,Ульян,1974-12-01,Ж,1034,354
341,Макар,1971-01-22,Ж,5975,477
342,Леон,1998-09-01,М,19467,373
343,Ульяна,1973-06-09,Иное,15367,32
344,Акулина,1982-12-25,Иное,12829,437
345,Филипп,1965-10-19,М,12927,799
346,Регина,2000-10-18,Иное,19589,557
347,Владилен,1997-08-19,Ж,6039,981
348,Авксентий,1992-01-26,Иное,1339,824
349,Элеонора,1988-03-13,Иное,19706,14
350,Клавдия,1989-08-30,Ж,18488,150
351,Зиновий,2004-04-20,Иное,352,250
352,Пров,1995-11-23,Иное,6717,227
353,Сигизмунд,1991-08-13,Иное,11380,656
354,Агафон,1992-08-11,М,2902,295
355,Леонид,1981-05-13,Ж,16332,966
356,Тарас,1993-11-13,Ж,11002,60
357,Елизавета,2003-10-20,М,13159,559
358,Захар,2002-08-28,М,7391,85
359,Олимпий,1967-08-28,Ж,11176,467
360,Алевтина,1977-04-04,Иное,5038,278
361,Роман,2004-09-08,Ж,84,683
362,Пимен,1991-01-09,М,17838,621
363,Василиса,1967-08-12,Иное,12005,130
364,Эдуард,1962-04-21,Иное,4937,120
365,Юлия,1978-10-14,Иное,11336,187
366,Феоктист,1962-05-15,Ж,19625,166
367,Изот,1980-01-05,М,18041,858
368,Феликс,1969-08-27,М,5602,565
369,Изот,1996-08-15,Иное,8915,181
370,Антонин,1963-09-07,Иное,1214,674
371,Станимир,1992-09-04,М,16353,69
372,Бронислав,1971-02-03,Иное,43,972
373,Мечислав,1990-03-15,Ж,8405,978
374,Боян,1977-11-18,Ж,17183,100
375,Евлампий,1969-07-05,М,13287,594
376,Артем,1986-06-09,Иное,14319,324
377,Викторин,1971-07-04,Ж,9303,286
378,Фотий,1961-05-27,Иное,17679,766
379,Олимпиада,1983-07-15,М,11986,248
380,Демид,1982-12-28,М,3610,542
381,Фаина,1981-06-28,Ж,2097,158
382,Модест,1987-05-12,М,17232,835
383,Петр,1966-11-16,М,17685,438
384,Будимир,1961-07-31,Иное,7327,41
385,Архип,2004-07-26,Ж,8789,738
386,Кир,2001-06-04,Ж,13134,198
387,Лора,1992-10-25,М,5020,187
388,Лариса,1967-07-19,Иное,15468,88
389,Елизар,1974-10-19,Ж,16812,499
390,Савватий,1973-04-12,М,16438,835
391,Кира,2004-02-06,М,6838,689
392,Сергей,2004-06-25,Ж,3,6
393,Влас,1982-07-14,Иное,2128,32
394,Адам,1964-11-21,М,6405,184
395,Матвей,1962-02-02,Ж,7451,959
396,Капитон,1985-09-22,Иное,6044,594
397,Эрнест,1974-04-15,М,11409,264
398,Елизавета,1992-09-20,М,3175,736
399,Евсей,1986-04-21,Иное,9286,810
400,Артем,1990-08-08,Иное,6596,125
401,Ия,1990-10-17,Ж,7513,36
402,Артем,1962-12-15,М,10214,565
403,Сигизмунд,1988-08-09,Ж,11360,360
404,Пантелеймон,1986-08-27,Иное,5805,793
405,Ратмир,1989-01-20,Ж,12110,756
406,Тимофей,1972-09-23,Иное,9612,438
407,Вячеслав,1995-03-09,Иное,16832,849
408,Елена,1990-02-19,Иное,3609,810
409,Иосиф,1990-09-06,Ж,5536,727
410,Игнатий,1983-07-09,Ж,320,807
411,Федор,1969-06-03,Иное,8444,409
412,Мокей,1989-06-20,Иное,13702,963
413,Осип,1985-02-09,Ж,8300,581
414,Гордей,1968-08-18,Иное,5708,782
415,Иннокентий,1987-05-08,Иное,12049,244
416,Евдоким,1999-07-14,М,8043,898
417,Ефрем,1999-10-05,Ж,11491,449
418,Софрон,2001-02-08,Ж,3691,248
419,Кондрат,1968-03-08,Ж,14541,856
420,Никон,1985-06-21,Ж,18368,943
421,Ратибор,1970-01-07,М,2378,925
422,Виктор,2003-11-26,М,5724,745
423,Андроник,2000-01-07,Иное,5523,304
424,Николай,1968-02-11,Иное,12448,28
425,Алла,1992-07-17,Иное,3848,159
426,Денис,2001-03-03,М,7828,340
427,Измаил,1963-09-08,Иное,5726,653
428,Лариса,1979-06-11,Ж,16117,799
429,Пимен,1986-11-13,Иное,516,760
430,Севастьян,1985-04-29,Ж,1850,996
431,Владимир,1978-11-25,Ж,15859,401
432,Сигизмунд,1977-07-28,Ж,12135,849
433,Спартак,1988-05-11,М,1186,627
434,Ксения,1993-05-19,Иное,6314,550
435,Филарет,1987-07-01,Ж,9245,392
436,Трофим,1961-01-05,М,14507,444
437,Аристарх,1994-11-10,М,1550,916
438,Виталий,1998-07-03,Ж,2419,99
439,Вероника,1992-03-24,М,4394,431
440,Ювеналий,1970-08-15,Ж,197,136
441,Панкратий,1978-12-06,Иное,11415,62
442,Конон,1980-03-15,М,493,168
443,Лариса,2001-05-18,М,12176,705
444,Аверьян,1960-10-07,Ж,18166,262
445,Акулина,1983-12-29,М,4666,421
446,Алевтина,2002-11-11,Иное,2041,67
447,Ян,1999-11-27,Ж,14823,62
448,Изяслав,1961-01-09,М,6225,44
449,Федосий,1975-08-28,Ж,5241,401
450,Рубен,1997-03-14,Иное,9547,192
451,Ананий,1972-03-29,Иное,95,581
452,Аскольд,1967-12-23,Ж,6514,108
453,Милован,1974-06-09,Иное,1353,837
454,Ярослав,1998-05-04,М,15740,407
455,Елисей,1981-09-27,Ж,2417,790
456,Кирилл,1971-02-13,Ж,1094,662
457,Ермил,1970-02-18,М,12946,22
458,Евдокия,1996-02-04,Иное,13373,179
459,Синклитикия,1966-06-27,М,9434,767
460,Сократ,1974-04-11,Иное,14400,336
461,Денис,1974-12-01,Иное,16141,27
462,Карп,1964-07-28,М,5905,18
463,Регина,2004-06-30,Иное,5347,267
464,Зосима,1992-10-07,Ж,17626,234
465,Анисим,1998-01-19,Иное,16072,795
466,Феоктист,2003-06-28,М,12152,408
467,Иванна,1996-11-06,М,56,258
468,Остромир,1989-08-31,М,9016,463
469,Кира,1986-06-04,М,757,38
470,Пантелеймон,1986-10-02,М,15114,370
471,Арсений,1980-01-23,М,3963,865
472,Артемий,1996-07-26,Ж,10656,775
473,Максим,2002-02-22,М,3346,144
474,Никита,1988-10-06,Иное,10921,504
475,Нифонт,1974-05-27,Иное,4916,353
476,Александра,1962-04-11,Иное,9956,890
477,Юрий,1967-07-06,М,6740,915
478,Александр,1966-04-06,Ж,7275,593
479,Виктория,1973-04-25,М,2136,430
480,Галина,1988-01-14,Ж,13864,543
481,Владислав,1984-08-07,Ж,11385,84
482,Андрон,1997-04-06,М,18565,629
483,Касьян,1981-05-18,Иное,12444,968
484,Ерофей,1993-10-09,Иное,1759,80
485,Герасим,1984-08-12,М,2279,445
486,Епифан,2003-09-03,Ж,15807,588
487,Остап,1992-10-13,М,5443,721
488,Антип,1972-05-22,Ж,7426,947
489,Измаил,1993-08-06,Иное,17585,441
490,Ираклий,1972-05-11,Ж,8262,496
491,Зиновий,1984-09-08,Ж,3203,138
492,Леон,1996-12-20,Ж,16810,25
493,Демьян,1986-08-10,Ж,7895,315
494,Афиноген,1984-04-05,Ж,5638,269
495,Милий,1968-04-12,Ж,6798,919
496,Фома,1980-06-09,Ж,18712,475
497,Дмитрий,1980-12-13,Иное,1428,448
498,Ферапонт,1971-02-10,Ж,314,428
499,Ювеналий,1967-11-16,М,8727,747
500,Полина,1963-08-28,М,5928,256
501,Остап,1999-09-28,Иное,1110,980
502,Трофим,2000-05-28,Иное,5970,491
503,Оксана,1972-11-02,М,5145,314
504,Мирослав,1984-12-18,Ж,14641,4
505,Ким,1988-12-24,Иное,19341,192
506,Мечислав,1978-09-04,Ж,13342,471
507,Савва,1994-05-07,Иное,552,920
508,Анастасия,1963-12-09,Иное,13030,898
509,Боян,1989-05-02,Иное,2601,109
510,Фаина,1969-12-07,М,2682,395
511,Осип,1966-03-28,Иное,14508,305
512,Рюрик,1996-05-06,Ж,6832,639
513,Агафья,1974-03-16,М,2780,576
514,Анжела,1998-09-08,Иное,17317,303
515,Филарет,1999-07-29,М,11677,80
516,Ратмир,1989-04-17,Ж,14426,46
517,Венедикт,1975-03-26,Ж,15189,106
518,Надежда,1997-04-11,М,2558,461
519,Феоктист,1975-03-08,М,287,330
520,Твердислав,1969-02-06,М,5361,420
521,Якуб,1967-05-07,М,19327,763
522,Евсей,1998-02-14,Иное,15551,909
523,Майя,1999-05-23,Ж,14418,632
524,Терентий,1997-01-28,М,10349,783
525,Евдоким,1961-02-24,Ж,11764,575
526,Юлий,1967-07-09,Ж,7821,888
527,Савватий,1983-06-14,М,13582,388
528,Фирс,1980-05-31,Ж,19082,650
529,Милан,1971-06-25,М,4380,545
530,Лариса,1975-07-16,Иное,10789,948
531,Викторин,1964-05-06,Ж,561,661
532,Георгий,1977-04-17,Ж,9565,994
533,София,2002-10-18,Ж,13064,849
534,Антонина,1963-01-28,М,11200,942
535,Виталий,1994-10-19,Иное,18346,894
536,Стоян,1984-02-09,М,18081,189
537,Фрол,1990-02-12,М,17315,387
538,Боян,1986-10-01,М,14186,789
539,Никанор,1992-05-02,Иное,5624,792
540,Лидия,1994-01-12,Иное,18985,814
541,Валерьян,1968-10-04,Иное,1895,611
542,Эмилия,1988-08-02,М,6169,19
543,Лаврентий,1974-06-25,М,14867,743
544,Эммануил,1971-09-18,Ж,5182,754
545,Аникей,1980-08-31,Иное,9783,741
546,Осип,1969-10-16,М,420,860
547,Аггей,2000-10-31,Ж,7668,112
548,Емельян,1998-05-06,М,19437,287
549,Ювеналий,1976-11-28,М,19528,323
550,Алексей,1973-09-29,Ж,12023,345
551,Герман,1967-11-05,Иное,14967,152
552,Онуфрий,1993-12-24,М,17886,861
553,Спиридон,1971-01-09,Иное,19434,817
554,Емельян,1985-07-01,Иное,2526,565
555,Марфа,2001-08-31,Ж,13417,547
556,Всеслав,1973-12-02,Ж,15786,48
557,Сигизмунд,1985-10-30,Иное,12616,409
558,Лука,1994-05-28,Иное,18957,83
559,Каллистрат,1962-08-28,Иное,7127,110
560,Ратибор,1964-09-22,Ж,1850,72
561,Гаврила,1981-11-11,Ж,19385,579
562,Мефодий,1997-07-25,Иное,18438,204
563,Тимур,1989-01-29,М,2657,795
564,Карл,1975-09-22,Иное,6974,825
565,Эрнст,1978-01-05,Иное,1595,878
566,Назар,1979-11-12,Ж,7427,275
567,Харлампий,1984-04-06,Иное,2882,809
568,Святополк,1996-10-14,Ж,3808,641
569,Сила,2002-05-19,Ж,14040,851
570,Федот,1981-11-30,Иное,19263,153
571,Надежда,1976-12-24,М,408,4
572,Григорий,1986-01-12,Ж,17039,92
573,Адриан,1979-11-13,Иное,5644,237
574,Ратмир,1990-07-27,Иное,16246,269
575,Конон,1998-02-18,М,7765,690
576,Кирилл,1967-12-02,Иное,8078,763
577,Тамара,1965-06-03,Ж,14066,837
578,Милан,1991-01-19,Иное,7209,913
579,Зосима,1970-01-26,М,17477,715
580,Демид,1984-07-17,М,5430,26
581,Агафон,1995-02-27,М,7260,301
582,Твердислав,1966-01-10,М,3133,550
583,Викентий,1963-10-12,М,10881,537
584,Мартьян,1966-04-01,М,16799,131
585,Мефодий,1968-03-17,Иное,1074,900
586,Богдан,1970-05-04,Иное,10693,30
587,Макар,1973-07-23,М,19765,327
588,Милий,1996-03-20,Ж,13596,854
589,Сильвестр,1995-06-12,Иное,13591,459
590,Модест,1966-01-09,М,9320,582
591,Кира,2001-04-18,Иное,4025,227
592,Лариса,1968-06-19,Иное,13643,275
593,Твердислав,1978-09-24,М,2449,271
594,Парфен,1988-05-23,М,6953,51
595,Гремислав,1964-03-11,Иное,1207,398
596,Станислав,1970-10-14,М,14522,731
597,Ратибор,1987-10-14,Ж,17424,419
598,Савва,1990-07-12,Иное,12454,937
599,Самсон,1972-10-14,Иное,14228,510
600,Аггей,2002-02-24,Иное,12295,496
601,Гремислав,1981-12-09,Ж,16547,373
602,Евстафий,1965-08-17,Иное,13335,373
603,Филипп,2001-08-09,Ж,2354,476
604,Модест,1971-02-19,Иное,11298,365
605,Серафим,1967-06-09,М,9197,335
606,Евстигней,1995-06-16,Иное,6063,922
607,Ипатий,1985-07-11,Ж,19076,166
608,Михей,1994-10-05,Иное,11117,520
609,Митофан,1991-03-08,Иное,1918,711
610,Радован,1971-05-03,Ж,15448,792
611,Мирон,1996-01-01,Иное,5915,614
612,Изот,1963-06-10,Ж,997,211
613,Никита,1984-03-08,Ж,6644,60
614,Герасим,1984-01-20,М,9994,884
615,Варлаам,2001-09-18,М,3169,606
616,Давыд,1973-03-27,М,3054,367
617,Филипп,1975-07-22,Ж,11881,59
618,Лучезар,1972-10-09,М,6599,947
619,Демьян,1986-05-15,Иное,5586,11
620,Пров,1977-02-16,Ж,12782,56
621,Людмила,1970-05-25,М,18453,577
622,Ксения,1974-08-03,М,3534,29
623,Федот,1984-03-28,Иное,10360,32
624,Климент,1993-10-04,Ж,19544,960
625,Касьян,1971-10-24,М,6555,438
626,Филимон,1984-03-26,Иное,2498,698
627,Никифор,1998-05-11,Ж,13070,114
628,Азарий,1993-08-05,М,13177,192
629,Терентий,1996-01-26,М,17400,746
630,Богдан,1986-03-01,Иное,16260,901
631,Афиноген,1980-01-16,Иное,10341,813
632,Милий,1978-12-12,Иное,15965,743
633,Изяслав,2003-06-13,Ж,8794,915
634,Надежда,1971-06-20,Ж,7401,835
635,Таисия,1973-02-19,Иное,16124,849
636,Август,1982-11-01,Ж,3678,623
637,Станислав,1967-02-26,Иное,16929,590
638,Лариса,1982-01-03,М,9866,380
639,Поликарп,1984-01-31,Ж,12799,986
640,Рюрик,1999-03-18,Иное,5079,646
641,Любомир,1995-11-12,М,7960,945
642,Любовь,1987-03-30,Иное,11280,281
643,Софон,1997-05-15,М,331,788
644,Вячеслав,1980-06-18,Ж,7454,905
645,Гостомысл,2000-04-07,Ж,12584,108
646,Кира,1976-08-26,Иное,5142,595
647,Евстафий,1974-06-06,М,509,446
648,Вера,1973-08-31,Ж,4586,602
649,Жанна,1972-01-23,Иное,8241,108
650,Татьяна,1997-12-29,Иное,3875,681
651,Тит,1994-06-07,Иное,17342,30
652,Мстислав,1987-12-08,Иное,1172,448
653,Парфен,2001-02-15,Ж,8466,590
654,Ермолай,1981-01-11,Иное,16003,288
655,Ефрем,1977-09-04,М,15818,935
656,Филимон,2000-06-30,М,17732,931
657,Юлий,1971-04-04,М,11219,213
658,Никодим,1972-01-23,Ж,15152,453
659,Севастьян,1979-11-29,Иное,3003,594
660,Адриан,1993-10-06,Иное,5554,436
661,Евлампий,1977-04-24,М,20,991
662,Светлана,1969-08-14,М,7594,686
663,Ярослав,1965-11-18,Иное,2570,189
664,Исидор,1992-08-09,Иное,7575,648
665,Аполлинарий,1995-12-31,Иное,2391,27
666,Милий,1998-09-11,М,1429,557
667,Доброслав,2002-01-03,Иное,9226,354
668,Владлен,1975-04-07,М,15384,677
669,Иван,1970-06-03,Ж,8000,635
670,Август,1994-04-02,Ж,17279,619
671,Екатерина,1961-10-18,Иное,290,755
672,Мефодий,1969-06-02,Иное,4492,31
673,Платон,1977-02-03,М,7111,410
674,Родион,1995-09-13,Ж,3445,381
675,Оксана,1999-02-17,Иное,14583,342
676,Юлий,1989-04-20,М,1919,556
677,Вацлав,1990-12-11,Ж,4040,540
678,Ольга,1984-12-22,Иное,13290,24
679,Агап,1978-09-19,М,17208,780
680,Агап,1999-04-27,Иное,19224,584
681,Варвара,2001-05-09,Иное,5682,480
682,Раиса,1969-11-14,Иное,4405,518
683,Роман,1998-10-27,Иное,8808,749
684,Авдей,1986-03-16,Ж,3632,449
685,Викторин,1983-02-09,Ж,8844,588
686,Архип,1989-10-14,Ж,153,539
687,Демид,1999-08-07,Иное,13022,869
688,Мирон,1992-11-14,Ж,19861,444
689,Эраст,1989-08-15,Иное,317,416
690,Степан,1995-12-23,Иное,2249,687
691,Ипполит,1999-02-11,Ж,4688,472
692,Бажен,1996-01-06,Ж,16983,219
693,Елена,1973-12-26,Ж,12541,782
694,Орест,1964-01-28,М,12513,347
695,Любим,1966-01-06,Иное,17889,326
696,Акулина,1998-08-27,М,16249,644
697,Павел,1973-04-28,Ж,7228,907
698,Ефим,1971-08-17,М,6404,238
699,Фадей,1981-11-07,Ж,10956,86
700,Алла,1986-10-15,М,11846,921
701,Александр,1977-01-20,Ж,11958,805
702,Эмилия,1969-11-21,Ж,3524,316
703,Константин,1977-11-08,Ж,6502,372
704,Владилен,1981-10-24,Ж,11206,552
705,Селиверст,2002-08-19,Иное,4765,352
706,Леонтий,1970-12-13,М,10468,711
707,Панфил,1997-10-13,Иное,9917,600
708,Владлен,1994-11-28,Ж,9081,320
709,Никодим,1978-11-13,Ж,15676,60
710,Евпраксия,1971-12-26,Иное,6220,294
711,Матвей,1973-05-25,М,944,276
712,Данила,1974-03-28,М,260,688
713,Спартак,1973-05-02,М,9024,509
714,Велимир,1998-10-09,Иное,10274,848
715,Амвросий,1993-03-15,Иное,6855,808
716,Конон,1992-12-09,Ж,18984,622
717,Ермил,1976-02-20,Иное,10238,617
718,Модест,1990-12-23,Ж,10698,191
719,Ольга,1995-09-23,М,11435,946
720,Лазарь,1990-03-04,Ж,2016,833
721,Зосима,1990-04-14,Ж,16733,915
722,Артемий,2003-04-16,Ж,9734,180
723,Федот,1999-09-24,Иное,12170,150
724,Нонна,1972-09-19,Иное,12914,753
725,Епифан,1989-02-02,М,11127,363
726,Тимур,1981-09-27,М,11783,325
727,Болеслав,1994-04-01,Иное,19920,339
728,Добромысл,2003-01-03,Ж,12953,691
729,Дарья,1991-01-19,Ж,5783,222
730,Гостомысл,1974-12-25,Иное,7714,792
731,Савелий,1990-03-03,Иное,19537,421
732,Эмиль,1998-02-24,М,14158,230
733,Гостомысл,1985-03-22,Иное,19163,483
734,Авдей,1987-10-25,Ж,1556,281
735,Иванна,2000-12-05,Ж,14574,699
736,Ферапонт,1980-02-05,М,16091,333
737,Панкрат,1992-12-30,М,8721,446
738,Вацлав,1996-05-26,Иное,1225,132
739,Ираида,1981-02-03,М,11630,996
740,Поликарп,1983-07-04,Иное,17907,69
741,Елисей,1985-11-01,Иное,8069,378
742,Галактион,1961-12-16,Иное,10447,45
743,Анастасия,1986-05-03,Иное,10789,395
744,Елизар,1998-05-27,М,15174,414
745,Фёкла,1979-08-09,Иное,5485,30
746,Мефодий,1979-03-08,Ж,8172,905
747,Спиридон,1988-02-23,М,15624,386
748,Юрий,1975-03-02,Ж,9188,902
749,Парфен,1984-08-27,М,11975,586
750,Зинаида,1970-08-26,Иное,9247,852
751,Чеслав,1987-03-26,М,4739,183
752,Анжелика,1996-04-22,Ж,18461,75
753,Елизар,1971-03-26,М,3384,333
754,Иван,1960-11-06,Ж,17486,386
755,Степан,1986-08-24,Ж,9355,527
756,Лукьян,1966-08-27,Ж,10710,635
757,Елизавета,1966-08-26,Ж,18157,873
758,Елена,1988-04-13,М,7312,202
759,Рюрик,1972-10-26,Иное,9407,779
760,Захар,1980-04-13,Ж,19751,993
761,Людмила,1965-12-12,М,2309,35
762,Милован,1972-02-19,Иное,17538,958
763,Соломон,1963-11-20,М,15253,776
764,Гостомысл,1994-08-13,Ж,7942,510
765,Самсон,1972-05-18,Иное,11170,173
766,Венедикт,1997-01-11,Иное,16138,540
767,Радислав,1996-07-09,Иное,7095,613
768,Кузьма,1980-07-19,Ж,4244,401
769,Прохор,1968-09-09,Иное,4970,695
770,Юлий,1963-04-28,Ж,18083,346
771,Фирс,1992-05-31,Ж,4497,41
772,Фрол,1964-08-16,Иное,10616,681
773,Ефим,2003-12-29,Ж,18038,220
774,Антонин,1978-06-10,Ж,16049,617
775,Ладислав,1965-10-01,Иное,458,34
776,Орест,1989-09-25,Ж,7489,477
777,Майя,1991-08-16,Иное,14029,382
778,Эдуард,1970-12-30,Иное,7588,606
779,Якуб,1974-11-21,Иное,10186,883
780,Мариан,1968-01-25,Ж,15251,744
781,Парфен,1980-09-06,М,108,25
782,Ефрем,1992-08-12,Иное,5998,23
783,Лука,1972-02-16,Ж,12456,295
784,Юлиан,1988-03-16,М,13391,306
785,Валерия,1983-10-08,Ж,12074,864
786,Исидор,2000-11-30,М,16126,366
787,Велимир,2003-07-01,М,2195,858
788,Александр,1997-10-03,М,19101,203
789,Аристарх,1985-09-19,М,7318,116
790,Матвей,1979-01-20,М,8628,850
791,Самуил,1983-04-29,М,11617,829
792,Бронислав,1988-09-02,Ж,17628,119
793,Будимир,1981-12-09,Ж,15500,193
794,Варвара,1980-04-13,Ж,2801,395
795,Парфен,1981-09-25,М,1837,802
796,Мартьян,1985-11-13,М,10416,527
797,Марфа,1976-10-25,Ж,17280,70
798,Гостомысл,1990-12-30,Ж,4075,975
799,Ирина,1996-10-07,М,7314,784
800,Исай,1990-04-12,Ж,14715,151
801,Терентий,1973-09-16,Ж,12774,281
802,Бажен,1976-10-03,М,12147,614
803,Ян,1975-07-18,Иное,1980,414
804,Панфил,1977-05-16,Ж,16568,50
805,Алексей,1990-10-30,Иное,3874,451
806,Андроник,1998-12-26,Ж,10152,203
807,Анна,1973-07-30,М,9639,526
808,Нестор,1990-07-25,Иное,11373,753
809,Евсей,1970-10-24,М,6575,569
810,Аскольд,1990-08-25,Ж,12109,979
811,Нинель,1961-11-20,М,19004,734
812,Януарий,1974-02-14,Иное,13606,542
813,Александра,1986-12-06,Ж,15647,802
814,Гордей,1974-12-28,Ж,19669,690
815,Гурий,1997-03-07,М,3086,266
816,Еремей,1961-12-23,Иное,7464,112
817,Михей,2003-05-09,Иное,3158,599
818,Милан,1964-12-03,М,1614,567
819,Константин,1965-10-04,Иное,2025,343
820,Лидия,1978-04-15,Ж,7942,843
821,Зинаида,1991-07-25,Иное,17880,232
822,Амвросий,2002-06-10,М,2744,786
823,Юлий,1979-04-26,Иное,2871,344
824,Ярополк,1976-05-31,Иное,14937,878
825,Валентина,1987-11-12,Иное,16311,249
826,Адам,1994-01-27,Ж,19129,709
827,Фёкла,1970-09-30,Ж,17845,499
828,Натан,1997-01-25,Ж,10782,432
829,Евсей,1967-02-24,Ж,15259,116
830,Амвросий,1970-10-26,Иное,12948,518
831,Анастасия,1986-07-14,Ж,18391,226
832,Евстафий,2003-06-20,Иное,10298,270
833,Орест,1990-03-20,М,6967,581
834,Святополк,1997-02-26,М,2238,577
835,Галина,1984-08-25,Ж,14215,551
836,Архип,1963-10-11,М,18165,798
837,Ефим,1976-03-25,М,18569,494
838,Каллистрат,1962-03-11,Ж,9163,133
839,Еремей,1961-09-05,Иное,19039,208
840,Чеслав,1966-02-27,М,12091,421
841,Авдей,1967-09-06,М,8836,662
842,Ипполит,1966-11-20,М,4710,182
843,Епифан,1994-02-06,Иное,17524,316
844,Гостомысл,1998-10-21,Ж,6796,675
845,Бронислав,1979-07-23,Ж,6559,926
846,Зосима,1966-05-01,Иное,11135,719
847,Аполлон,1970-12-29,Ж,12364,107
848,Эдуард,1972-03-19,Ж,10870,45
849,Агата,1977-12-09,Ж,18702,444
850,Рюрик,1990-04-15,М,4359,704
851,Ульяна,1985-12-18,Иное,11591,564
852,Наркис,1964-12-05,М,9283,401
853,София,1994-01-24,Ж,14390,595
854,Софон,1978-03-19,Иное,16795,989
855,Ладислав,1960-11-28,Иное,5324,176
856,Ананий,1984-10-13,Ж,11560,994
857,Глафира,1969-06-10,Иное,13139,677
858,Майя,1964-09-08,Ж,15937,469
859,Милован,1965-07-16,М,7004,688
860,Онуфрий,1980-10-27,Иное,5386,916
861,Андрей,1969-12-28,М,3276,162
862,Фока,1986-05-07,Ж,6380,428
863,Харитон,2000-08-02,Иное,18843,583
864,Велимир,1962-06-06,Ж,5146,740
865,Остап,2000-05-08,Ж,2691,433
866,Твердислав,1963-04-17,Ж,16834,230
867,Иларион,1995-10-26,Иное,3921,931
868,Филарет,1990-09-23,М,1843,425
869,Елизавета,1960-10-25,Иное,14868,596
870,Синклитикия,1998-06-06,М,6674,679
871,Григорий,1963-10-14,М,19915,783
872,Ульяна,1981-02-25,Ж,1,34
873,Мокей,1972-09-07,Ж,4040,83
874,Епифан,1965-02-02,Иное,18987,369
875,Ульяна,1997-07-04,Иное,7681,442
876,Валерия,1999-06-24,Ж,17722,282
877,Пелагея,1991-12-24,М,10452,942
878,Федосий,1990-03-31,Ж,4295,763
879,Григорий,2000-08-16,Иное,4958,506
880,Любовь,1998-08-01,Ж,7970,974
881,Евграф,1986-04-08,М,18236,896
882,Ратмир,1987-02-24,М,16751,471
883,Фадей,1996-04-06,Ж,15032,245
884,Аполлон,1986-08-14,Иное,2671,221
885,Алексей,1980-04-26,Ж,13989,643
886,Анна,1997-03-06,Иное,4710,966
887,Андрей,2001-05-24,Иное,17505,478
888,Евгения,1965-12-14,Иное,12309,566
889,Назар,2002-02-16,М,6467,956
890,Тарас,1994-07-17,Ж,1463,74
891,Поликарп,1984-12-22,Ж,6409,426
892,Спиридон,1966-02-19,Ж,3077,383
893,Михей,1966-09-20,Иное,1991,320
894,Алевтина,1971-07-24,Иное,9531,731
895,Лукьян,1966-01-19,Ж,4036,273
896,Людмила,1962-11-13,М,6048,845
897,Тимофей,1960-11-28,Иное,5011,281
898,Филимон,1963-09-04,М,5747,535
899,Денис,1961-11-04,М,11546,80
900,Велимир,2002-10-17,Иное,13007,567
901,Майя,1974-05-02,Иное,13891,386
902,Феофан,1984-04-17,М,7597,214
903,Януарий,1994-09-02,М,1644,11
904,Анатолий,1980-03-07,Ж,3357,569
905,Макар,1964-10-22,Ж,18445,831
906,Мирослав,1994-08-30,Ж,19961,55
907,Изот,1984-03-04,Ж,5675,159
908,Таисия,2001-08-02,Ж,9050,512
909,Антип,1987-09-28,Ж,4632,43
910,Ратибор,1966-11-08,Иное,10013,274
911,Анисим,1996-04-15,М,10380,916
912,Севастьян,1969-12-16,М,12040,834
913,Октябрина,1966-05-11,Ж,17529,713
914,Селиван,1964-01-16,Ж,2008,474
915,Марина,1997-10-03,Ж,1163,871
916,Евдоким,2004-06-25,Иное,15264,762
917,Павел,1993-12-30,Иное,2460,236
918,Ладислав,1998-10-30,Иное,18616,396
919,Осип,1970-10-04,Иное,19934,987
920,Филарет,1982-03-16,Ж,3202,694
921,Мефодий,1996-09-23,Ж,13468,798
922,Милан,1979-05-25,М,4086,889
923,Селиван,1994-11-26,Ж,9131,252
924,Юлиан,1973-05-07,Ж,9636,810
925,Елизар,1985-04-08,Ж,12956,312
926,Тихон,1969-05-22,Ж,11944,104
927,Богдан,1988-06-04,Иное,3056,964
928,Филарет,2003-01-15,Ж,13023,341
929,Адам,1967-03-22,М,18358,524
930,Аверкий,2000-05-07,Иное,19179,101
931,Амос,2000-05-08,Иное,6511,949
932,Лариса,1981-07-06,Ж,1922,65
933,Максим,2003-02-07,М,8743,885
934,Никанор,2001-01-25,М,12862,428
935,Лев,1962-10-12,Ж,8266,458
936,Мстислав,1988-11-22,М,2256,311
937,Фома,1968-05-23,Иное,4999,312
938,Елисей,1981-12-15,М,17755,559
939,Рюрик,1967-07-22,Ж,3241,343
940,Тихон,2002-07-29,Ж,205,916
941,Ольга,1977-05-06,Иное,5124,618
942,Татьяна,1993-06-27,Иное,5883,244
943,Антонин,1980-02-07,Иное,2149,492
944,Иларион,1988-12-01,М,16351,620
945,Мартын,1966-01-17,Ж,5761,820
946,Ферапонт,1987-03-23,Иное,3407,530
947,Агафон,1973-04-30,М,1401,155
948,Майя,1984-11-21,Ж,8782,794
949,Артемий,1992-07-16,Иное,4761,936
950,Болеслав,1985-02-28,Ж,1450,449
951,Мариан,1961-05-12,Иное,8084,385
952,Аверьян,1969-10-13,М,6006,818
953,Павел,2004-05-29,М,11015,193
954,Любосмысл,2003-03-28,Ж,6497,398
955,Оксана,1972-09-11,М,12973,861
956,Афиноген,1968-01-09,Ж,7359,803
957,Станимир,1972-02-03,Ж,16366,915
958,Чеслав,2003-12-26,М,15267,435
959,Рубен,1962-07-25,М,15922,872
960,Данила,1972-01-28,Ж,14008,692
961,Кирилл,1981-05-15,Иное,11601,674
962,Филипп,1962-06-10,М,1544,587
963,Пахом,1990-05-08,Ж,7353,174
964,Юлий,1964-10-03,М,9316,103
965,Болеслав,1982-02-15,М,6580,867
966,Руслан,1968-05-24,Ж,388,910
967,Агап,2004-09-14,Ж,19681,693
968,Всеслав,1970-10-18,М,5261,161
969,Амвросий,1980-02-10,Иное,18367,373
970,Денис,1996-07-14,Иное,2793,470
971,Раиса,1973-07-06,Ж,3653,595
972,Эдуард,1986-08-11,М,2327,529
973,Ян,1967-12-12,Иное,3002,814
974,Симон,1992-05-23,Ж,14141,778
975,Арефий,1991-09-25,Ж,8715,700
976,Кирилл,1961-04-22,М,17857,328
977,Елизавета,1963-07-17,Иное,7626,699
978,Карп,1991-02-12,М,15588,80
979,Лидия,1987-10-05,Иное,10413,573
980,Таисия,1970-08-09,Иное,11065,55
981,Парамон,1973-11-30,М,16755,48
982,Архип,1970-05-25,Иное,16387,365
983,Святослав,1970-01-11,Ж,13461,188
984,Ия,1963-05-27,Иное,9956,811
985,Нина,1990-10-17,Ж,16137,366
986,Аристарх,1968-08-15,Ж,13082,161
987,Игорь,1976-08-03,Иное,12872,713
988,Ростислав,1996-10-17,Ж,13961,541
989,Селиван,1964-07-29,Ж,1493,952
990,Боян,2002-12-06,Иное,14221,135
991,Александра,1966-02-17,М,3339,373
992,Софрон,1992-01-07,Иное,2748,211
993,Аверкий,1981-04-25,Ж,13327,808
994,Боян,2003-12-17,Ж,11476,60
995,Ратибор,2000-07-29,М,1238,419
996,Трофим,1972-05-30,М,10764,403
997,Лора,1993-02-10,Ж,9110,327
998,Гаврила,1961-05-15,Ж,17110,320
999,Святослав,1960-12-26,Иное,9198,508
1000,Дорофей,1991-07-04,Иное,14598,256
